"zip","lat","lng","city","state_id","state_name","zcta","parent_zcta","population","density","county_fips","county_name","county_weights","county_names_all","county_fips_all","imprecise","military","timezone"
"00601","18.18027","-66.75266","Adjuntas","PR","Puerto Rico","TRUE","","16834","100.9","72001","Adjuntas","{""72001"": 98.74, ""72141"": 1.26}","Adjuntas|Utuado","72001|72141","FALSE","FALSE","America/Puerto_Rico"
"00602","18.36075","-67.17541","Aguada","PR","Puerto Rico","TRUE","","37642","479.2","72003","Aguada","{""72003"": 100}","Aguada","72003","FALSE","FALSE","America/Puerto_Rico"
"00603","18.45744","-67.12225","Aguadilla","PR","Puerto Rico","TRUE","","49075","551.7","72005","Aguadilla","{""72005"": 99.76, ""72099"": 0.24}","Aguadilla|Moca","72005|72099","FALSE","FALSE","America/Puerto_Rico"
"00606","18.16585","-66.93716","Maricao","PR","Puerto Rico","TRUE","","5590","48.7","72093","Maricao","{""72093"": 82.27, ""72153"": 11.66, ""72121"": 6.06}","Maricao|Yauco|Sabana Grande","72093|72153|72121","FALSE","FALSE","America/Puerto_Rico"
"00610","18.2911","-67.12243","Anasco","PR","Puerto Rico","TRUE","","25542","265.7","72011","AÃ±asco","{""72011"": 96.71, ""72099"": 2.82, ""72083"": 0.37, ""72003"": 0.1}","AÃ±asco|Moca|Las MarÃ­as|Aguada","72011|72099|72083|72003","FALSE","FALSE","America/Puerto_Rico"
"00611","18.27698","-66.80688","Angeles","PR","Puerto Rico","TRUE","","1315","47.7","72141","Utuado","{""72141"": 100}","Utuado","72141","FALSE","FALSE","America/Puerto_Rico"
"00612","18.41283","-66.7051","Arecibo","PR","Puerto Rico","TRUE","","63312","321.1","72013","Arecibo","{""72013"": 98.94, ""72065"": 0.94, ""72017"": 0.11}","Arecibo|Hatillo|Barceloneta","72013|72065|72017","FALSE","FALSE","America/Puerto_Rico"
"00616","18.41878","-66.6679","Bajadero","PR","Puerto Rico","TRUE","","9625","341.4","72013","Arecibo","{""72013"": 100}","Arecibo","72013","FALSE","FALSE","America/Puerto_Rico"
"00617","18.44598","-66.56006","Barceloneta","PR","Puerto Rico","TRUE","","22573","474.8","72017","Barceloneta","{""72017"": 99.63, ""72054"": 0.37}","Barceloneta|Florida","72017|72054","FALSE","FALSE","America/Puerto_Rico"
"00622","17.98892","-67.1566","Boqueron","PR","Puerto Rico","TRUE","","7577","93.9","72023","Cabo Rojo","{""72023"": 100}","Cabo Rojo","72023","FALSE","FALSE","America/Puerto_Rico"
"00623","18.08429","-67.15336","Cabo Rojo","PR","Puerto Rico","TRUE","","39406","388.1","72023","Cabo Rojo","{""72023"": 100}","Cabo Rojo","72023","FALSE","FALSE","America/Puerto_Rico"
"00624","18.05905","-66.71932","Penuelas","PR","Puerto Rico","TRUE","","21648","178.0","72111","PeÃ±uelas","{""72111"": 94.94, ""72113"": 5.06}","PeÃ±uelas|Ponce","72111|72113","FALSE","FALSE","America/Puerto_Rico"
"00627","18.41905","-66.86037","Camuy","PR","Puerto Rico","TRUE","","32733","272.6","72027","Camuy","{""72027"": 100}","Camuy","72027","FALSE","FALSE","America/Puerto_Rico"
"00631","18.1852","-66.83169","Castaner","PR","Puerto Rico","TRUE","","1431","176.8","72081","Lares","{""72081"": 50.58, ""72001"": 49.42}","Lares|Adjuntas","72081|72001","FALSE","FALSE","America/Puerto_Rico"
"00637","18.081","-66.94659","Sabana Grande","PR","Puerto Rico","TRUE","","22882","251.2","72121","Sabana Grande","{""72121"": 93.98, ""72125"": 4.22, ""72079"": 1.8}","Sabana Grande|San GermÃ¡n|Lajas","72121|72125|72079","FALSE","FALSE","America/Puerto_Rico"
"00638","18.28462","-66.5137","Ciales","PR","Puerto Rico","TRUE","","17605","95.2","72039","Ciales","{""72039"": 91.88, ""72107"": 7.48, ""72091"": 0.64}","Ciales|Orocovis|ManatÃ­","72039|72107|72091","FALSE","FALSE","America/Puerto_Rico"
"00641","18.26742","-66.70212","Utuado","PR","Puerto Rico","TRUE","","24299","111.5","72141","Utuado","{""72141"": 100}","Utuado","72141","FALSE","FALSE","America/Puerto_Rico"
"00646","18.43251","-66.28429","Dorado","PR","Puerto Rico","TRUE","","35926","658.9","72051","Dorado","{""72051"": 97.18, ""72143"": 2.82}","Dorado|Vega Alta","72051|72143","FALSE","FALSE","America/Puerto_Rico"
"00647","17.96667","-66.94266","Ensenada","PR","Puerto Rico","TRUE","","4702","114.8","72055","GuÃ¡nica","{""72055"": 98.28, ""72079"": 1.72}","GuÃ¡nica|Lajas","72055|72079","FALSE","FALSE","America/Puerto_Rico"
"00650","18.34487","-66.58347","Florida","PR","Puerto Rico","TRUE","","13767","167.6","72054","Florida","{""72054"": 47.41, ""72141"": 41.94, ""72091"": 4.27, ""72039"": 2.9, ""72013"": 2.41, ""72017"": 1.07}","Florida|Utuado|ManatÃ­|Ciales|Arecibo|Barceloneta","72054|72141|72091|72039|72013|72017","FALSE","FALSE","America/Puerto_Rico"
"00652","18.45614","-66.60194","Garrochales","PR","Puerto Rico","TRUE","","3924","235.2","72013","Arecibo","{""72013"": 100}","Arecibo","72013","FALSE","FALSE","America/Puerto_Rico"
"00653","17.99413","-66.90266","Guanica","PR","Puerto Rico","TRUE","","8980","157.0","72055","GuÃ¡nica","{""72055"": 97.47, ""72121"": 2.53}","GuÃ¡nica|Sabana Grande","72055|72121","FALSE","FALSE","America/Puerto_Rico"
"00656","18.04186","-66.79123","Guayanilla","PR","Puerto Rico","TRUE","","18121","166.0","72059","Guayanilla","{""72059"": 97.01, ""72153"": 2.99}","Guayanilla|Yauco","72059|72153","FALSE","FALSE","America/Puerto_Rico"
"00659","18.41036","-66.79691","Hatillo","PR","Puerto Rico","TRUE","","37066","348.6","72065","Hatillo","{""72065"": 100}","Hatillo","72065","FALSE","FALSE","America/Puerto_Rico"
"00660","18.13412","-67.11399","Hormigueros","PR","Puerto Rico","TRUE","","15483","528.2","72067","Hormigueros","{""72067"": 100}","Hormigueros","72067","FALSE","FALSE","America/Puerto_Rico"
"00662","18.46622","-67.01508","Isabela","PR","Puerto Rico","TRUE","","40480","378.7","72071","Isabela","{""72071"": 100}","Isabela","72071","FALSE","FALSE","America/Puerto_Rico"
"00664","18.21064","-66.59066","Jayuya","PR","Puerto Rico","TRUE","","14967","123.2","72073","Jayuya","{""72073"": 94.96, ""72141"": 5.04}","Jayuya|Utuado","72073|72141","FALSE","FALSE","America/Puerto_Rico"
"00667","18.01246","-67.0417","Lajas","PR","Puerto Rico","TRUE","","23370","149.9","72079","Lajas","{""72079"": 98.05, ""72125"": 1.95}","Lajas|San GermÃ¡n","72079|72125","FALSE","FALSE","America/Puerto_Rico"
"00669","18.27019","-66.86727","Lares","PR","Puerto Rico","TRUE","","27529","165.8","72081","Lares","{""72081"": 93.38, ""72141"": 3.8, ""72083"": 2.7, ""72131"": 0.12}","Lares|Utuado|Las MarÃ­as|San SebastiÃ¡n","72081|72141|72083|72131","FALSE","FALSE","America/Puerto_Rico"
"00670","18.23782","-66.98852","Las Marias","PR","Puerto Rico","TRUE","","8746","72.6","72083","Las MarÃ­as","{""72083"": 95.63, ""72011"": 3.6, ""72097"": 0.45, ""72093"": 0.32}","Las MarÃ­as|AÃ±asco|MayagÃ¼ez|Maricao","72083|72011|72097|72093","FALSE","FALSE","America/Puerto_Rico"
"00674","18.42229","-66.4891","Manati","PR","Puerto Rico","TRUE","","39385","350.0","72091","ManatÃ­","{""72091"": 99.45, ""72145"": 0.55}","ManatÃ­|Vega Baja","72091|72145","FALSE","FALSE","America/Puerto_Rico"
"00676","18.37897","-67.08098","Moca","PR","Puerto Rico","TRUE","","36683","289.9","72099","Moca","{""72099"": 99.19, ""72003"": 0.81}","Moca|Aguada","72099|72003","FALSE","FALSE","America/Puerto_Rico"
"00677","18.33535","-67.23155","Rincon","PR","Puerto Rico","TRUE","","15304","405.6","72117","RincÃ³n","{""72117"": 98.0, ""72011"": 1.2, ""72003"": 0.8}","RincÃ³n|AÃ±asco|Aguada","72117|72011|72003","FALSE","FALSE","America/Puerto_Rico"
"00678","18.42949","-66.93016","Quebradillas","PR","Puerto Rico","TRUE","","25039","331.8","72115","Quebradillas","{""72115"": 77.06, ""72071"": 17.17, ""72131"": 5.77}","Quebradillas|Isabela|San SebastiÃ¡n","72115|72071|72131","FALSE","FALSE","America/Puerto_Rico"
"00680","18.16307","-67.36122","Mayaguez","PR","Puerto Rico","TRUE","","43173","259.2","72097","MayagÃ¼ez","{""72097"": 94.1, ""72125"": 3.46, ""72011"": 2.44}","MayagÃ¼ez|San GermÃ¡n|AÃ±asco","72097|72125|72011","FALSE","FALSE","America/Puerto_Rico"
"00682","18.22415","-67.15309","Mayaguez","PR","Puerto Rico","TRUE","","30414","720.0","72097","MayagÃ¼ez","{""72097"": 99.83, ""72067"": 0.17}","MayagÃ¼ez|Hormigueros","72097|72067","FALSE","FALSE","America/Puerto_Rico"
"00683","18.10926","-67.03803","San German","PR","Puerto Rico","TRUE","","29547","231.5","72125","San GermÃ¡n","{""72125"": 100}","San GermÃ¡n","72125","FALSE","FALSE","America/Puerto_Rico"
"00685","18.33656","-66.97518","San Sebastian","PR","Puerto Rico","TRUE","","40346","198.0","72131","San SebastiÃ¡n","{""72131"": 87.74, ""72071"": 11.31, ""72099"": 0.95}","San SebastiÃ¡n|Isabela|Moca","72131|72071|72099","FALSE","FALSE","America/Puerto_Rico"
"00687","18.31707","-66.42029","Morovis","PR","Puerto Rico","TRUE","","28659","284.7","72101","Morovis","{""72101"": 100}","Morovis","72101","FALSE","FALSE","America/Puerto_Rico"
"00688","18.3807","-66.62496","Sabana Hoyos","PR","Puerto Rico","TRUE","","11478","136.3","72013","Arecibo","{""72013"": 100}","Arecibo","72013","FALSE","FALSE","America/Puerto_Rico"
"00690","18.49363","-67.09734","San Antonio","PR","Puerto Rico","TRUE","","5781","987.2","72005","Aguadilla","{""72005"": 100}","Aguadilla","72005","FALSE","FALSE","America/Puerto_Rico"
"00692","18.40905","-66.33768","Vega Alta","PR","Puerto Rico","TRUE","","33302","484.7","72143","Vega Alta","{""72143"": 99.87, ""72145"": 0.13}","Vega Alta|Vega Baja","72143|72145","FALSE","FALSE","America/Puerto_Rico"
"00693","18.42633","-66.39811","Vega Baja","PR","Puerto Rico","TRUE","","55570","483.1","72145","Vega Baja","{""72145"": 98.28, ""72143"": 1.43, ""72091"": 0.29}","Vega Baja|Vega Alta|ManatÃ­","72145|72143|72091","FALSE","FALSE","America/Puerto_Rico"
"00694","18.48327","-66.39269","Vega Baja","PR","Puerto Rico","TRUE","","98","47.3","72145","Vega Baja","{""72145"": 100}","Vega Baja","72145","FALSE","FALSE","America/Puerto_Rico"
"00698","18.07274","-66.85519","Yauco","PR","Puerto Rico","TRUE","","33506","206.4","72153","Yauco","{""72153"": 97.82, ""72059"": 2.18}","Yauco|Guayanilla","72153|72059","FALSE","FALSE","America/Puerto_Rico"
"00703","18.24739","-66.13143","Aguas Buenas","PR","Puerto Rico","TRUE","","24475","304.6","72007","Aguas Buenas","{""72007"": 93.07, ""72041"": 3.61, ""72045"": 3.32}","Aguas Buenas|Cidra|ComerÃ­o","72007|72041|72045","FALSE","FALSE","America/Puerto_Rico"
"00704","17.97442","-66.22888","Aguirre","PR","Puerto Rico","TRUE","","6831","293.2","72123","Salinas","{""72123"": 97.38, ""72057"": 2.62}","Salinas|Guayama","72123|72057","FALSE","FALSE","America/Puerto_Rico"
"00705","18.1294","-66.26653","Aibonito","PR","Puerto Rico","TRUE","","24401","309.9","72009","Aibonito","{""72009"": 97.19, ""72043"": 2.81}","Aibonito|Coamo","72009|72043","FALSE","FALSE","America/Puerto_Rico"
"00707","18.01752","-65.92127","Maunabo","PR","Puerto Rico","TRUE","","10487","193.5","72095","Maunabo","{""72095"": 100}","Maunabo","72095","FALSE","FALSE","America/Puerto_Rico"
"00714","17.9981","-66.05635","Arroyo","PR","Puerto Rico","TRUE","","15797","406.5","72015","Arroyo","{""72015"": 100}","Arroyo","72015","FALSE","FALSE","America/Puerto_Rico"
"00715","17.99738","-66.56104","Mercedita","PR","Puerto Rico","TRUE","","2040","62.0","72113","Ponce","{""72113"": 99.09, ""72075"": 0.91}","Ponce|Juana DÃ­az","72113|72075","FALSE","FALSE","America/Puerto_Rico"
"00716","17.99942","-66.59868","Ponce","PR","Puerto Rico","TRUE","","27166","1210.1","72113","Ponce","{""72113"": 100}","Ponce","72113","FALSE","FALSE","America/Puerto_Rico"
"00717","18.00272","-66.61146","Ponce","PR","Puerto Rico","TRUE","","15029","2445.5","72113","Ponce","{""72113"": 100}","Ponce","72113","FALSE","FALSE","America/Puerto_Rico"
"00718","18.23145","-65.76067","Naguabo","PR","Puerto Rico","TRUE","","23289","190.5","72103","Naguabo","{""72103"": 99.87, ""72037"": 0.13}","Naguabo|Ceiba","72103|72037","FALSE","FALSE","America/Puerto_Rico"
"00719","18.28879","-66.25316","Naranjito","PR","Puerto Rico","TRUE","","29523","404.1","72105","Naranjito","{""72105"": 96.91, ""72047"": 2.23, ""72045"": 0.46, ""72135"": 0.4}","Naranjito|Corozal|ComerÃ­o|Toa Alta","72105|72047|72045|72135","FALSE","FALSE","America/Puerto_Rico"
"00720","18.21559","-66.42421","Orocovis","PR","Puerto Rico","TRUE","","20816","143.2","72107","Orocovis","{""72107"": 99.27, ""72043"": 0.73}","Orocovis|Coamo","72107|72043","FALSE","FALSE","America/Puerto_Rico"
"00723","18.03139","-66.01122","Patillas","PR","Puerto Rico","TRUE","","15978","134.1","72109","Patillas","{""72109"": 99.5, ""72095"": 0.5}","Patillas|Maunabo","72109|72095","FALSE","FALSE","America/Puerto_Rico"
"00725","18.22052","-66.03962","Caguas","PR","Puerto Rico","TRUE","","77244","721.0","72025","Caguas","{""72025"": 86.56, ""72061"": 4.44, ""72129"": 2.78, ""72127"": 2.24, ""72139"": 2.08, ""72007"": 1.9}","Caguas|Guaynabo|San Lorenzo|San Juan|Trujillo Alto|Aguas Buenas","72025|72061|72129|72127|72139|72007","FALSE","FALSE","America/Puerto_Rico"
"00727","18.21142","-66.07374","Caguas","PR","Puerto Rico","TRUE","","53258","911.3","72025","Caguas","{""72025"": 100}","Caguas","72025","FALSE","FALSE","America/Puerto_Rico"
"00728","18.00697","-66.65995","Ponce","PR","Puerto Rico","TRUE","","38590","967.7","72113","Ponce","{""72113"": 100}","Ponce","72113","FALSE","FALSE","America/Puerto_Rico"
"00729","18.33524","-65.88677","Canovanas","PR","Puerto Rico","TRUE","","47826","516.5","72029","CanÃ³vanas","{""72029"": 91.45, ""72087"": 8.55}","CanÃ³vanas|LoÃ­za","72029|72087","FALSE","FALSE","America/Puerto_Rico"
"00730","18.03256","-66.61384","Ponce","PR","Puerto Rico","TRUE","","32267","1877.0","72113","Ponce","{""72113"": 100}","Ponce","72113","FALSE","FALSE","America/Puerto_Rico"
"00731","18.09914","-66.63279","Ponce","PR","Puerto Rico","TRUE","","10473","82.6","72113","Ponce","{""72113"": 97.12, ""72001"": 2.88}","Ponce|Adjuntas","72113|72001","FALSE","FALSE","America/Puerto_Rico"
"00735","18.2525","-65.67534","Ceiba","PR","Puerto Rico","TRUE","","11164","157.5","72037","Ceiba","{""72037"": 94.57, ""72103"": 5.43}","Ceiba|Naguabo","72037|72103","FALSE","FALSE","America/Puerto_Rico"
"00736","18.10736","-66.14994","Cayey","PR","Puerto Rico","TRUE","","45867","322.6","72035","Cayey","{""72035"": 92.47, ""72041"": 7.53}","Cayey|Cidra","72035|72041","FALSE","FALSE","America/Puerto_Rico"
"00738","18.31793","-65.66793","Fajardo","PR","Puerto Rico","TRUE","","30093","392.3","72053","Fajardo","{""72053"": 99.58, ""72037"": 0.42}","Fajardo|Ceiba","72053|72037","FALSE","FALSE","America/Puerto_Rico"
"00739","18.17543","-66.16198","Cidra","PR","Puerto Rico","TRUE","","34678","435.1","72041","Cidra","{""72041"": 100}","Cidra","72041","FALSE","FALSE","America/Puerto_Rico"
"00740","18.33251","-65.63419","Puerto Real","PR","Puerto Rico","TRUE","","2034","1880.9","72053","Fajardo","{""72053"": 100}","Fajardo","72053","FALSE","FALSE","America/Puerto_Rico"
"00741","18.16569","-65.75506","Punta Santiago","PR","Puerto Rico","TRUE","","3627","615.1","72069","Humacao","{""72069"": 100}","Humacao","72069","FALSE","FALSE","America/Puerto_Rico"
"00745","18.3466","-65.81382","Rio Grande","PR","Puerto Rico","TRUE","","47494","301.9","72119","RÃ­o Grande","{""72119"": 99.78, ""72029"": 0.22}","RÃ­o Grande|CanÃ³vanas","72119|72029","FALSE","FALSE","America/Puerto_Rico"
"00751","18.01205","-66.25871","Salinas","PR","Puerto Rico","TRUE","","19570","124.4","72123","Salinas","{""72123"": 99.82, ""72035"": 0.18}","Salinas|Cayey","72123|72035","FALSE","FALSE","America/Puerto_Rico"
"00754","18.1447","-65.97565","San Lorenzo","PR","Puerto Rico","TRUE","","36576","282.5","72129","San Lorenzo","{""72129"": 100}","San Lorenzo","72129","FALSE","FALSE","America/Puerto_Rico"
"00757","17.9933","-66.39056","Santa Isabel","PR","Puerto Rico","TRUE","","20048","238.7","72133","Santa Isabel","{""72133"": 100}","Santa Isabel","72133","FALSE","FALSE","America/Puerto_Rico"
"00765","18.12365","-65.43013","Vieques","PR","Puerto Rico","TRUE","","8199","67.0","72147","Vieques","{""72147"": 100}","Vieques","72147","FALSE","FALSE","America/Puerto_Rico"
"00766","18.13039","-66.4757","Villalba","PR","Puerto Rico","TRUE","","22053","223.0","72149","Villalba","{""72149"": 93.48, ""72107"": 6.52}","Villalba|Orocovis","72149|72107","FALSE","FALSE","America/Puerto_Rico"
"00767","18.07033","-65.89618","Yabucoa","PR","Puerto Rico","TRUE","","30779","215.4","72151","Yabucoa","{""72151"": 99.33, ""72069"": 0.67}","Yabucoa|Humacao","72151|72069","FALSE","FALSE","America/Puerto_Rico"
"00769","18.09459","-66.3607","Coamo","PR","Puerto Rico","TRUE","","34374","172.2","72043","Coamo","{""72043"": 98.04, ""72133"": 1.96}","Coamo|Santa Isabel","72043|72133","FALSE","FALSE","America/Puerto_Rico"
"00771","18.18797","-65.86916","Las Piedras","PR","Puerto Rico","TRUE","","34964","401.8","72085","Las Piedras","{""72085"": 99.0, ""72069"": 1.0}","Las Piedras|Humacao","72085|72069","FALSE","FALSE","America/Puerto_Rico"
"00772","18.43048","-65.90377","Loiza","PR","Puerto Rico","TRUE","","17316","409.1","72087","LoÃ­za","{""72087"": 100}","LoÃ­za","72087","FALSE","FALSE","America/Puerto_Rico"
"00773","18.34073","-65.72756","Luquillo","PR","Puerto Rico","TRUE","","17716","283.8","72089","Luquillo","{""72089"": 100}","Luquillo","72089","FALSE","FALSE","America/Puerto_Rico"
"00775","18.31387","-65.28618","Culebra","PR","Puerto Rico","TRUE","","1186","39.3","72049","Culebra","{""72049"": 100}","Culebra","72049","FALSE","FALSE","America/Puerto_Rico"
"00777","18.22365","-65.90904","Juncos","PR","Puerto Rico","TRUE","","37726","542.4","72077","Juncos","{""72077"": 98.61, ""72129"": 0.82, ""72085"": 0.43, ""72029"": 0.14}","Juncos|San Lorenzo|Las Piedras|CanÃ³vanas","72077|72129|72085|72029","FALSE","FALSE","America/Puerto_Rico"
"00778","18.26319","-65.97938","Gurabo","PR","Puerto Rico","TRUE","","40476","529.3","72063","Gurabo","{""72063"": 94.08, ""72129"": 5.92}","Gurabo|San Lorenzo","72063|72129","FALSE","FALSE","America/Puerto_Rico"
"00780","18.09998","-66.57032","Coto Laurel","PR","Puerto Rico","TRUE","","13908","280.7","72113","Ponce","{""72113"": 98.12, ""72075"": 1.88}","Ponce|Juana DÃ­az","72113|72075","FALSE","FALSE","America/Puerto_Rico"
"00782","18.22501","-66.22452","Comerio","PR","Puerto Rico","TRUE","","18639","257.2","72045","ComerÃ­o","{""72045"": 97.39, ""72019"": 2.61}","ComerÃ­o|Barranquitas","72045|72019","FALSE","FALSE","America/Puerto_Rico"
"00783","18.30348","-66.32851","Corozal","PR","Puerto Rico","TRUE","","34205","313.6","72047","Corozal","{""72047"": 99.06, ""72019"": 0.94}","Corozal|Barranquitas","72047|72019","FALSE","FALSE","America/Puerto_Rico"
"00784","18.00558","-66.13651","Guayama","PR","Puerto Rico","TRUE","","35917","207.8","72057","Guayama","{""72057"": 97.13, ""72035"": 1.63, ""72109"": 1.24}","Guayama|Cayey|Patillas","72057|72035|72109","FALSE","FALSE","America/Puerto_Rico"
"00786","18.1357","-66.22881","La Plata","PR","Puerto Rico","TRUE","","154","33.7","72009","Aibonito","{""72009"": 100}","Aibonito","72009","FALSE","FALSE","America/Puerto_Rico"
"00791","18.14391","-65.81398","Humacao","PR","Puerto Rico","TRUE","","46537","421.4","72069","Humacao","{""72069"": 97.87, ""72085"": 1.16, ""72151"": 0.96}","Humacao|Las Piedras|Yabucoa","72069|72085|72151","FALSE","FALSE","America/Puerto_Rico"
"00794","18.19934","-66.31179","Barranquitas","PR","Puerto Rico","TRUE","","28335","318.8","72019","Barranquitas","{""72019"": 96.52, ""72043"": 3.48}","Barranquitas|Coamo","72019|72043","FALSE","FALSE","America/Puerto_Rico"
"00795","18.05128","-66.49485","Juana Diaz","PR","Puerto Rico","TRUE","","42900","277.3","72075","Juana DÃ­az","{""72075"": 100}","Juana DÃ­az","72075","FALSE","FALSE","America/Puerto_Rico"
"00802","18.34349","-64.9287","St Thomas","VI","Virgin Islands","TRUE","","","","78030","St. Thomas","{""78030"": 100}","St. Thomas","78030","FALSE","FALSE","America/St_Thomas"
"00820","17.7388","-64.70695","Christiansted","VI","Virgin Islands","TRUE","","","","78010","St. Croix","{""78010"": 100}","St. Croix","78010","FALSE","FALSE","America/St_Thomas"
"00830","18.33857","-64.73802","St John","VI","Virgin Islands","TRUE","","","","78020","St. John","{""78020"": 100}","St. John","78020","FALSE","FALSE","America/St_Thomas"
"00840","17.72649","-64.84717","Frederiksted","VI","Virgin Islands","TRUE","","","","78010","St. Croix","{""78010"": 100}","St. Croix","78010","FALSE","FALSE","America/St_Thomas"
"00850","17.72763","-64.79122","Kingshill","VI","Virgin Islands","TRUE","","","","78010","St. Croix","{""78010"": 100}","St. Croix","78010","FALSE","FALSE","America/St_Thomas"
"00851","17.74757","-64.78737","Kingshill","VI","Virgin Islands","TRUE","","","","78010","St. Croix","{""78010"": 100}","St. Croix","78010","FALSE","FALSE","America/St_Thomas"
"00901","18.46478","-66.10277","San Juan","PR","Puerto Rico","TRUE","","8220","3127.7","72127","San Juan","{""72127"": 100}","San Juan","72127","FALSE","FALSE","America/Puerto_Rico"
"00906","18.46446","-66.09499","San Juan","PR","Puerto Rico","TRUE","","148","17945.9","72127","San Juan","{""72127"": 100}","San Juan","72127","FALSE","FALSE","America/Puerto_Rico"
"00907","18.45287","-66.08381","San Juan","PR","Puerto Rico","TRUE","","16607","3138.3","72127","San Juan","{""72127"": 100}","San Juan","72127","FALSE","FALSE","America/Puerto_Rico"
"00909","18.44131","-66.06866","San Juan","PR","Puerto Rico","TRUE","","5260","3110.7","72127","San Juan","{""72127"": 100}","San Juan","72127","FALSE","FALSE","America/Puerto_Rico"
"00911","18.45133","-66.05636","San Juan","PR","Puerto Rico","TRUE","","7087","5750.1","72127","San Juan","{""72127"": 100}","San Juan","72127","FALSE","FALSE","America/Puerto_Rico"
"00912","18.44503","-66.05995","San Juan","PR","Puerto Rico","TRUE","","5955","6200.0","72127","San Juan","{""72127"": 100}","San Juan","72127","FALSE","FALSE","America/Puerto_Rico"
"00913","18.45024","-66.04275","San Juan","PR","Puerto Rico","TRUE","","7068","8423.4","72127","San Juan","{""72127"": 100}","San Juan","72127","FALSE","FALSE","America/Puerto_Rico"
"00915","18.43673","-66.04576","San Juan","PR","Puerto Rico","TRUE","","24713","6807.0","72127","San Juan","{""72127"": 100}","San Juan","72127","FALSE","FALSE","America/Puerto_Rico"
"00917","18.4208","-66.04989","San Juan","PR","Puerto Rico","TRUE","","18544","5244.3","72127","San Juan","{""72127"": 100}","San Juan","72127","FALSE","FALSE","America/Puerto_Rico"
"00918","18.42139","-66.06774","San Juan","PR","Puerto Rico","TRUE","","15976","2286.4","72127","San Juan","{""72127"": 100}","San Juan","72127","FALSE","FALSE","America/Puerto_Rico"
"00920","18.41904","-66.09023","San Juan","PR","Puerto Rico","TRUE","","17293","1849.7","72127","San Juan","{""72127"": 100}","San Juan","72127","FALSE","FALSE","America/Puerto_Rico"
"00921","18.39206","-66.0871","San Juan","PR","Puerto Rico","TRUE","","33555","4221.7","72127","San Juan","{""72127"": 99.88, ""72061"": 0.12}","San Juan|Guaynabo","72127|72061","FALSE","FALSE","America/Puerto_Rico"
"00923","18.41146","-66.03715","San Juan","PR","Puerto Rico","TRUE","","24760","4756.2","72127","San Juan","{""72127"": 100}","San Juan","72127","FALSE","FALSE","America/Puerto_Rico"
"00924","18.39987","-66.01344","San Juan","PR","Puerto Rico","TRUE","","47080","3898.1","72127","San Juan","{""72127"": 96.5, ""72031"": 3.5}","San Juan|Carolina","72127|72031","FALSE","FALSE","America/Puerto_Rico"
"00925","18.40028","-66.05058","San Juan","PR","Puerto Rico","TRUE","","5556","4812.9","72127","San Juan","{""72127"": 100}","San Juan","72127","FALSE","FALSE","America/Puerto_Rico"
"00926","18.34691","-66.05434","San Juan","PR","Puerto Rico","TRUE","","93751","1559.4","72127","San Juan","{""72127"": 83.48, ""72139"": 15.69, ""72061"": 0.83}","San Juan|Trujillo Alto|Guaynabo","72127|72139|72061","FALSE","FALSE","America/Puerto_Rico"
"00927","18.38884","-66.07149","San Juan","PR","Puerto Rico","TRUE","","13766","2193.7","72127","San Juan","{""72127"": 100}","San Juan","72127","FALSE","FALSE","America/Puerto_Rico"
"00934","18.41372","-66.11998","Fort Buchanan","PR","Puerto Rico","TRUE","","128","34.8","72061","Guaynabo","{""72061"": 69.04, ""72021"": 30.96}","Guaynabo|BayamÃ³n","72061|72021","FALSE","FALSE","America/Puerto_Rico"
"00949","18.43166","-66.21349","Toa Baja","PR","Puerto Rico","TRUE","","68031","1276.3","72137","Toa Baja","{""72137"": 96.11, ""72033"": 2.93, ""72135"": 0.96}","Toa Baja|CataÃ±o|Toa Alta","72137|72033|72135","FALSE","FALSE","America/Puerto_Rico"
"00950","18.46201","-66.23917","Toa Baja","PR","Puerto Rico","TRUE","","0","0.0","72051","Dorado","{""72051"": 99.69, ""72137"": 0.31}","Dorado|Toa Baja","72051|72137","FALSE","FALSE","America/Puerto_Rico"
"00951","18.43175","-66.25628","Toa Baja","PR","Puerto Rico","TRUE","","298","107.4","72137","Toa Baja","{""72137"": 100}","Toa Baja","72137","FALSE","FALSE","America/Puerto_Rico"
"00952","18.42874","-66.18897","Sabana Seca","PR","Puerto Rico","TRUE","","8168","1422.4","72137","Toa Baja","{""72137"": 100}","Toa Baja","72137","FALSE","FALSE","America/Puerto_Rico"
"00953","18.36319","-66.24764","Toa Alta","PR","Puerto Rico","TRUE","","66079","956.0","72135","Toa Alta","{""72135"": 98.44, ""72047"": 0.79, ""72137"": 0.77}","Toa Alta|Corozal|Toa Baja","72135|72047|72137","FALSE","FALSE","America/Puerto_Rico"
"00956","18.32121","-66.17185","Bayamon","PR","Puerto Rico","TRUE","","65841","927.1","72021","BayamÃ³n","{""72021"": 97.91, ""72007"": 1.4, ""72135"": 0.69}","BayamÃ³n|Aguas Buenas|Toa Alta","72021|72007|72135","FALSE","FALSE","America/Puerto_Rico"
"00957","18.36696","-66.18857","Bayamon","PR","Puerto Rico","TRUE","","41009","3647.5","72021","BayamÃ³n","{""72021"": 93.16, ""72135"": 6.84}","BayamÃ³n|Toa Alta","72021|72135","FALSE","FALSE","America/Puerto_Rico"
"00959","18.3852","-66.15583","Bayamon","PR","Puerto Rico","TRUE","","47721","3023.9","72021","BayamÃ³n","{""72021"": 98.74, ""72061"": 0.83, ""72137"": 0.27, ""72135"": 0.16}","BayamÃ³n|Guaynabo|Toa Baja|Toa Alta","72021|72061|72137|72135","FALSE","FALSE","America/Puerto_Rico"
"00960","18.41674","-66.14365","Bayamon","PR","Puerto Rico","TRUE","","3405","937.4","72021","BayamÃ³n","{""72021"": 100}","BayamÃ³n","72021","FALSE","FALSE","America/Puerto_Rico"
"00961","18.40987","-66.16415","Bayamon","PR","Puerto Rico","TRUE","","29271","2119.1","72021","BayamÃ³n","{""72021"": 99.0, ""72033"": 1.0}","BayamÃ³n|CataÃ±o","72021|72033","FALSE","FALSE","America/Puerto_Rico"
"00962","18.43514","-66.13949","Catano","PR","Puerto Rico","TRUE","","19614","1572.4","72033","CataÃ±o","{""72033"": 85.97, ""72061"": 13.72, ""72021"": 0.2, ""72137"": 0.11}","CataÃ±o|Guaynabo|BayamÃ³n|Toa Baja","72033|72061|72021|72137","FALSE","FALSE","America/Puerto_Rico"
"00965","18.42853","-66.11175","Guaynabo","PR","Puerto Rico","TRUE","","5148","2195.8","72061","Guaynabo","{""72061"": 100}","Guaynabo","72061","FALSE","FALSE","America/Puerto_Rico"
"00966","18.39784","-66.11394","Guaynabo","PR","Puerto Rico","TRUE","","16451","2520.4","72061","Guaynabo","{""72061"": 85.29, ""72127"": 8.07, ""72021"": 6.64}","Guaynabo|San Juan|BayamÃ³n","72061|72127|72021","FALSE","FALSE","America/Puerto_Rico"
"00968","18.40609","-66.10123","Guaynabo","PR","Puerto Rico","TRUE","","3554","3009.8","72061","Guaynabo","{""72061"": 99.73, ""72127"": 0.27}","Guaynabo|San Juan","72061|72127","FALSE","FALSE","America/Puerto_Rico"
"00969","18.36696","-66.11","Guaynabo","PR","Puerto Rico","TRUE","","41784","3202.2","72061","Guaynabo","{""72061"": 85.12, ""72127"": 11.05, ""72021"": 3.83}","Guaynabo|San Juan|BayamÃ³n","72061|72127|72021","FALSE","FALSE","America/Puerto_Rico"
"00971","18.32067","-66.11751","Guaynabo","PR","Puerto Rico","TRUE","","26430","636.8","72061","Guaynabo","{""72061"": 100}","Guaynabo","72061","FALSE","FALSE","America/Puerto_Rico"
"00976","18.33903","-65.99286","Trujillo Alto","PR","Puerto Rico","TRUE","","61638","1365.0","72139","Trujillo Alto","{""72139"": 94.66, ""72031"": 2.56, ""72127"": 2.08, ""72063"": 0.7}","Trujillo Alto|Carolina|San Juan|Gurabo","72139|72031|72127|72063","FALSE","FALSE","America/Puerto_Rico"
"00979","18.43734","-66.0089","Carolina","PR","Puerto Rico","TRUE","","16890","1677.0","72031","Carolina","{""72031"": 100}","Carolina","72031","FALSE","FALSE","America/Puerto_Rico"
"00982","18.40961","-65.99143","Carolina","PR","Puerto Rico","TRUE","","13876","3713.6","72031","Carolina","{""72031"": 100}","Carolina","72031","FALSE","FALSE","America/Puerto_Rico"
"00983","18.41788","-65.98104","Carolina","PR","Puerto Rico","TRUE","","31816","2842.7","72031","Carolina","{""72031"": 99.88, ""72127"": 0.12}","Carolina|San Juan","72031|72127","FALSE","FALSE","America/Puerto_Rico"
"00985","18.40628","-65.94767","Carolina","PR","Puerto Rico","TRUE","","32265","1349.0","72031","Carolina","{""72031"": 100}","Carolina","72031","FALSE","FALSE","America/Puerto_Rico"
"00987","18.34115","-65.94257","Carolina","PR","Puerto Rico","TRUE","","54109","805.7","72031","Carolina","{""72031"": 99.82, ""72139"": 0.18}","Carolina|Trujillo Alto","72031|72139","FALSE","FALSE","America/Puerto_Rico"